demand,delivered,unmet,served_pct,ports_used,ports_total
290.12,54.15379232396516,235.9662076760348,18.66599762993422,13,165
