demand,delivered,unmet,served_pct,ports_used,ports_total
290.12,91.85123928177693,198.26876071822312,31.659740549350932,8,165
