demand,delivered,unmet,served_pct,ports_used,ports_total
638.28,638.2800000000001,0.0,100.00000000000001,25,165
