demand,delivered,unmet,served_pct,ports_used,ports_total
290.12,223.91724333485777,66.20275666514219,77.18090560280497,20,165
