demand,delivered,unmet,served_pct,ports_used,ports_total
290.12,112.77316186030647,177.34683813969355,38.871212553531805,8,165
