industry,demand
steel,2027.9569892473116
fertilizer,304.83870967741933
shipping,806.4516129032257
