demand,delivered,unmet,served_pct,ports_used,ports_total
638.28,247.2660684662801,391.0139315337198,38.739435430575945,21,165
