demand,delivered,unmet,served_pct,ports_used,ports_total
290.12,156.32609162417359,133.7939083758264,53.88325231772149,9,165
