demand,delivered,unmet,served_pct,ports_used,ports_total
290.12,211.19979006346415,78.92020993653584,72.79739075674347,13,165
