demand,delivered,unmet,served_pct,ports_used,ports_total
638.28,410.8220955919165,227.45790440808335,64.36393049945424,23,165
