demand,delivered,unmet,served_pct,ports_used,ports_total
638.28,39.04550463663249,599.2344953633674,6.117300344148726,7,165
