node_id,demand,delivered,unmet,served_pct
oft_steel1,104.93326332329876,52.46663166164938,52.46663166164938,50.0
oft_steel2,104.93326332329876,52.46663166164938,52.46663166164938,50.0
oft_steel3,104.93326332329876,52.46663166164938,52.46663166164938,50.0
oft_steel4,24.690179605482058,12.345089802741029,12.345089802741029,50.0
oft_steel5,24.690179605482058,12.345089802741029,12.345089802741029,50.0
oft_steel6,24.690179605482058,12.345089802741029,12.345089802741029,50.0
oft_steel7,24.690179605482058,12.345089802741029,12.345089802741029,50.0
oft_steel8,33.94899695753783,16.974498478768915,16.974498478768915,50.0
oft_steel9,33.94899695753783,16.974498478768915,16.974498478768915,50.0
oft_steel10,15.431362253426286,7.715681126713143,7.715681126713143,50.0
oft_steel11,15.431362253426286,7.715681126713143,7.715681126713143,50.0
oft_steel12,12.345089802741029,6.1725449013705145,6.1725449013705145,50.0
oft_f1,12.290223253307015,0.0,12.290223253307015,0.0
oft_f2,12.290223253307015,0.0,12.290223253307015,0.0
oft_f3,12.290223253307015,0.0,12.290223253307015,0.0
oft_f4,9.068514245158575,9.068514245158575,0.0,100.0
oft_f5,9.068514245158575,9.068514245158575,0.0,100.0
oft_f6,9.068514245158575,9.068514245158575,0.0,100.0
oft_f7,5.966127792867484,0.0,5.966127792867484,0.0
oft_f8,5.966127792867484,0.0,5.966127792867484,0.0
oft_f9,10.73903002716147,0.0,10.73903002716147,0.0
oft_f10,3.9376443432925394,0.0,3.9376443432925394,0.0
oft_f11,3.9376443432925394,0.0,3.9376443432925394,0.0
oft_f12,3.9376443432925394,0.0,3.9376443432925394,0.0
oft_f13,7.15935335144098,0.0,7.15935335144098,0.0
