demand,delivered,unmet,served_pct,ports_used,ports_total
638.28,151.41651448764492,486.86348551235517,23.722584835439765,24,165
