demand,delivered,unmet,served_pct,ports_used,ports_total
638.28,105.92134513453004,532.35865486547,16.594808725720693,6,165
