demand,delivered,unmet,served_pct,ports_used,ports_total
290.12,155.86656242614936,134.25343757385056,53.72485951542443,15,165
