demand,delivered,unmet,served_pct,ports_used,ports_total
638.28,434.2928648619236,203.98713513807635,68.04112064641279,15,165
