demand,delivered,unmet,served_pct,ports_used,ports_total
638.28,178.62205722312066,459.6579427768795,27.98490587565342,25,165
