demand,delivered,unmet,served_pct,ports_used,ports_total
638.28,177.88309476422975,460.39690523577013,27.869131848754428,18,165
