node_id,demand,delivered,unmet,served_pct
oft_f1,12.290223253307015,0.0,12.290223253307015,0.0
oft_f2,12.290223253307015,0.0,12.290223253307015,0.0
oft_f3,12.290223253307015,0.18659057449482247,12.103632678812193,1.5182032958157636
oft_f4,9.068514245158575,0.0,9.068514245158575,0.0
oft_f5,9.068514245158575,0.0,9.068514245158575,0.0
oft_f6,9.068514245158575,0.0,9.068514245158575,0.0
oft_f7,5.966127792867484,0.1705738274981224,5.795553965369361,2.859037443047125
oft_f8,5.966127792867484,0.039535340004511824,5.926592452862972,0.6626633115666143
oft_f9,10.73903002716147,0.8084958991895285,9.93053412797194,7.528574714333203
oft_f10,3.9376443432925394,1.0000145698155891,2.9376297734769503,25.396264432033675
oft_f11,3.9376443432925394,0.0,3.9376443432925394,0.0
oft_f12,3.9376443432925394,0.0,3.9376443432925394,0.0
oft_f13,7.15935335144098,0.0,7.15935335144098,0.0
oft_steel1,104.93326332329876,0.0,104.93326332329876,0.0
oft_steel2,104.93326332329876,0.0,104.93326332329876,0.0
oft_steel3,104.93326332329876,0.028978046586954024,104.9042852767118,0.027615691792289766
oft_steel4,24.690179605482058,0.0,24.690179605482058,0.0
oft_steel5,24.690179605482058,0.0,24.690179605482058,0.0
oft_steel6,24.690179605482058,0.0,24.690179605482058,0.0
oft_steel7,24.690179605482058,0.0,24.690179605482058,0.0
oft_steel8,33.94899695753783,0.0,33.94899695753783,0.0
oft_steel9,33.94899695753783,0.0,33.94899695753783,0.0
oft_steel10,15.431362253426286,0.13157783983078195,15.299784413595503,0.8526650963790783
oft_steel11,15.431362253426286,1.132825332154392,14.298536921271895,7.341058511557308
oft_steel12,12.345089802741029,0.7292573264761382,11.615832476264892,5.9072662745168385
oft_sh1,142.1588,0.08112009560585318,142.07767990439416,0.05706301376056436
oft_sh2,10.73444,0.30537722710899323,10.429062772891006,2.84483612660738
oft_sh3,25.530559999999998,0.0,25.530559999999998,0.0
oft_sh4,19.43804,0.3372271173212539,19.100812882678746,1.7348823097454984
oft_sh5,18.8578,0.0,18.8578,0.0
oft_sh6,16.82696,0.0,16.82696,0.0
oft_sh7,16.24672,0.0,16.24672,0.0
oft_sh8,14.79612,0.2803321154871874,14.515787884512813,1.894632616437197
oft_sh9,13.34552,0.0395328445833079,13.305987155416693,0.29622558419085876
oft_sh10,12.18504,2.7250123206929313,9.46002767930707,22.363589456357392
