total_capacity,total_produced,utilization_pct,total_demand,total_delivered,total_unmet
7.996450476850366,7.996450476850366,100.0,920.5061011061055,7.996450476850367,912.5096506292551
699.6894167244074,699.6894167244074,100.0,920.5061011061055,699.689416724407,220.81668438169845
1099.5119405669252,920.5061011061053,83.71951837389581,920.5061011061055,920.5061011061055,0.0
