demand,delivered,unmet,served_pct,ports_used,ports_total
290.12,85.56761912483074,204.55238087516926,29.493871199789996,4,165
