demand,delivered,unmet,served_pct,ports_used,ports_total
638.28,0.5887999157857153,637.6912000842143,0.09224790308104834,1,165
