demand,delivered,unmet,served_pct,ports_used,ports_total
638.28,113.93288057304906,524.347119426951,17.849984422674854,9,165
