demand,delivered,unmet,served_pct,ports_used,ports_total
290.12,32.262167016253365,257.8578329837466,11.120283681322682,1,165
