demand,delivered,unmet,served_pct,ports_used,ports_total
638.28,429.34107458133184,208.9389254186682,67.2653184466585,18,165
