demand,delivered,unmet,served_pct,ports_used,ports_total
290.12,113.72296388032686,176.39703611967312,39.19859502286187,13,165
