demand,delivered,unmet,served_pct,ports_used,ports_total
638.28,347.9007774330776,290.3792225669222,54.505981298658526,25,165
