demand,delivered,unmet,served_pct,ports_used,ports_total
638.28,330.35431884785527,307.92568115214465,51.75695914768679,18,165
