demand,delivered,unmet,served_pct,ports_used,ports_total
290.12,6.4989307169069175,283.6210692830931,2.240083660866854,2,165
