demand,delivered,unmet,served_pct,ports_used,ports_total
638.28,84.70623560201417,553.5737643979859,13.271015166073537,18,165
