demand,delivered,unmet,served_pct,ports_used,ports_total
290.12,36.90195527381417,253.21804472618595,12.719548901769668,8,165
