demand,delivered,unmet,served_pct,ports_used,ports_total
638.28,1.2364798231500023,637.0435201768499,0.1937205964702015,1,165
