demand,delivered,unmet,served_pct,ports_used,ports_total
638.28,433.4416293163135,204.8383706836865,67.90775667674274,16,165
