demand,delivered,unmet,served_pct,ports_used,ports_total
638.28,375.1063201685533,263.1736798314466,58.768302338872175,25,165
