demand,delivered,unmet,served_pct,ports_used,ports_total
638.28,638.2799999999997,0.0,99.99999999999996,25,165
