demand,delivered,unmet,served_pct,ports_used,ports_total
290.12,21.523136989091896,268.5968630109081,7.418701568003549,1,165
