demand,delivered,unmet,served_pct,ports_used,ports_total
290.12,31.61274802138213,258.50725197861783,10.896438722384575,9,165
