demand,delivered,unmet,served_pct,ports_used,ports_total
290.12,44.40552490285717,245.71447509714284,15.305916483819512,1,165
