demand,delivered,unmet,served_pct,ports_used,ports_total
638.28,189.44410247889485,448.8358975211049,29.680407106425843,19,165
