industry,demand_mt
steel,617.2544901370514
fertiliser,119.32255585734967
shipping,638.28