industry,demand_mt
steel,617.2544901370514
fertilizer,119.32255585734967
shipping,290.12
