demand,delivered,unmet,served_pct,ports_used,ports_total
638.28,220.5251110291708,417.7548889708292,34.5499014584776,14,165
