demand,delivered,unmet,served_pct,ports_used,ports_total
290.12,6.5896452550027576,283.5303547449972,2.2713515976157304,24,165
