node_id,demand,delivered,unmet,served_pct
oft_f1,12.290223253307015,0.0,12.290223253307015,0.0
oft_f2,12.290223253307015,0.0,12.290223253307015,0.0
oft_f3,12.290223253307015,0.4019855943702901,11.888237658936726,3.2707753641670014
oft_f4,9.068514245158575,0.0,9.068514245158575,0.0
oft_f5,9.068514245158575,0.0,9.068514245158575,0.0
oft_f6,9.068514245158575,0.0,9.068514245158575,0.0
oft_f7,5.966127792867484,0.0,5.966127792867484,0.0
oft_f8,5.966127792867484,0.0,5.966127792867484,0.0
oft_f9,10.73903002716147,0.46209872288921033,10.276931304272258,4.302983805059272
oft_f10,3.9376443432925394,0.48502852654310424,3.452615816749435,12.317733250066409
oft_f11,3.9376443432925394,0.0,3.9376443432925394,0.0
oft_f12,3.9376443432925394,0.0,3.9376443432925394,0.0
oft_f13,7.15935335144098,0.0,7.15935335144098,0.0
oft_steel1,104.93326332329876,0.0,104.93326332329876,0.0
oft_steel2,104.93326332329876,0.0,104.93326332329876,0.0
oft_steel3,104.93326332329876,0.0,104.93326332329876,0.0
oft_steel4,24.690179605482058,0.0,24.690179605482058,0.0
oft_steel5,24.690179605482058,0.0,24.690179605482058,0.0
oft_steel6,24.690179605482058,0.0,24.690179605482058,0.0
oft_steel7,24.690179605482058,0.0,24.690179605482058,0.0
oft_steel8,33.94899695753783,0.0,33.94899695753783,0.0
oft_steel9,33.94899695753783,0.0,33.94899695753783,0.0
oft_steel10,15.431362253426286,0.0,15.431362253426286,0.0
oft_steel11,15.431362253426286,0.0,15.431362253426286,0.0
oft_steel12,12.345089802741029,0.0,12.345089802741029,0.0
