demand,delivered,unmet,served_pct,ports_used,ports_total
638.28,196.8752545577018,441.4047454422981,30.844653531005488,11,165
