demand,delivered,unmet,served_pct,ports_used,ports_total
638.28,95.83211666986809,542.4478833301318,15.014118673602194,8,165
