demand,delivered,unmet,served_pct,ports_used,ports_total
290.12,106.62725873088463,183.49274126911538,36.752812191811884,20,165
