demand,delivered,unmet,served_pct,ports_used,ports_total
290.12,290.1199999999999,0.0,99.99999999999996,23,165
