demand,delivered,unmet,served_pct,ports_used,ports_total
638.28,85.56761912483074,552.7123808751692,13.405969030022991,7,165
