demand,delivered,unmet,served_pct,ports_used,ports_total
638.28,434.2928648619236,203.9871351380763,68.04112064641279,15,165
