demand,delivered,unmet,served_pct,ports_used,ports_total
638.28,434.29286486192365,203.98713513807635,68.0411206464128,16,165
