demand,delivered,unmet,served_pct,ports_used,ports_total
290.12,290.12000000000006,0.0,100.00000000000003,16,165
