demand,delivered,unmet,served_pct,ports_used,ports_total
638.28,439.6668416917531,198.6131583082469,68.88306725759121,23,165
