demand,delivered,unmet,served_pct,ports_used,ports_total
290.12,178.62205722312066,111.49794277687941,61.56833628261431,25,165
