demand,delivered,unmet,served_pct,ports_used,ports_total
638.28,407.0873221264479,231.19267787355187,63.77879960619915,15,165
