demand,delivered,unmet,served_pct,ports_used,ports_total
638.28,2.29631967156429,635.9836803284356,0.35976682201608856,1,165
