demand,delivered,unmet,served_pct,ports_used,ports_total
638.28,112.77316186030647,525.5068381396935,17.66829007023665,8,165
