demand,delivered,unmet,served_pct,ports_used,ports_total
290.12,150.24438436060396,139.87561563939607,51.7869793053233,24,165
