demand,delivered,unmet,served_pct,ports_used,ports_total
638.28,112.77316186030644,525.5068381396934,17.668290070236644,9,165
