demand,delivered,unmet,served_pct,ports_used,ports_total
638.28,45.14728435524545,593.1327156447546,7.073272600621272,11,165
