demand,delivered,unmet,served_pct,ports_used,ports_total
638.28,7.996198202989483,630.2838017970106,1.2527727961066433,4,165
