industry,demand_mt
Steel,617.2544901370514
Fertilizer,119.32255585734967
Shipping,638.28
