node_id,demand,delivered,unmet,served_pct
oft_f1,12.290223253307015,0.0,12.290223253307015,0.0
oft_f2,12.290223253307015,0.042326549436008415,12.247896703871007,0.344392030670552
oft_f3,12.290223253307015,0.4019855943702901,11.888237658936726,3.2707753641670014
oft_f4,9.068514245158575,0.0,9.068514245158575,0.0
oft_f5,9.068514245158575,0.0,9.068514245158575,0.0
oft_f6,9.068514245158575,2.262094150078815,6.80642009507976,24.944484718502633
oft_f7,5.966127792867484,0.2522482970619826,5.713879495805501,4.228006938831345
oft_f8,5.966127792867484,0.0,5.966127792867484,0.0
oft_f9,10.73903002716147,1.2451855672225176,9.493844459938952,11.594953772111241
oft_f10,3.9376443432925394,0.48502852654310424,3.452615816749435,12.317733250066409
oft_f11,3.9376443432925394,0.0,3.9376443432925394,0.0
oft_f12,3.9376443432925394,0.0,3.9376443432925394,0.0
oft_f13,7.15935335144098,0.0,7.15935335144098,0.0
oft_steel1,104.93326332329876,0.0,104.93326332329876,0.0
oft_steel2,104.93326332329876,0.0,104.93326332329876,0.0
oft_steel3,104.93326332329876,0.12013236516998264,104.81313095812878,0.11448454128397355
oft_steel4,24.690179605482058,0.032056306347240514,24.658123299134818,0.12983423717226797
oft_steel5,24.690179605482058,0.9272682949803431,23.762911310501714,3.755615835109025
oft_steel6,24.690179605482058,0.0,24.690179605482058,0.0
oft_steel7,24.690179605482058,0.0,24.690179605482058,0.0
oft_steel8,33.94899695753783,0.0,33.94899695753783,0.0
oft_steel9,33.94899695753783,0.0,33.94899695753783,0.0
oft_steel10,15.431362253426286,0.176053290669005,15.255308962757281,1.140879773138079
oft_steel11,15.431362253426286,0.8592500062802064,14.57211224714608,5.568205788762581
oft_steel12,12.345089802741029,1.135129150645866,11.209960652095162,9.194984959881205
