demand,delivered,unmet,served_pct,ports_used,ports_total
638.28,117.74574688870477,520.5342531112954,18.44735020503616,21,165
