demand,delivered,unmet,served_pct,ports_used,ports_total
290.12,214.14718436814644,75.97281563185356,73.81331323871034,10,165
