demand,delivered,unmet,served_pct,ports_used,ports_total
638.28,459.2084128659487,179.07158713405138,71.94466579964103,21,165
