demand,delivered,unmet,served_pct,ports_used,ports_total
638.28,112.77316186030646,525.5068381396934,17.668290070236647,9,165
