demand,delivered,unmet,served_pct,ports_used,ports_total
638.28,115.66684169175312,522.6131583082471,18.12164593779425,10,165
