demand,delivered,unmet,served_pct,ports_used,ports_total
290.12,112.77316186030646,177.34683813969355,38.8712125535318,7,165
