demand,delivered,unmet,served_pct,ports_used,ports_total
638.28,78.49850802088613,559.7814919791138,12.298443946369327,7,165
