demand,delivered,unmet,served_pct,ports_used,ports_total
290.12,17.37193608567489,272.74806391432514,5.987845059173751,1,165
